Marca temporal,0. ¿Aceptas que tus respuestas anónimas se usen con fines académicos de este proyecto? ,1. ¿A qué nivel estás cursando actualmente? ,2. ¿Cuántas horas a la semana pasas en aulas de la FCC? ,3. ¿Desde qué dispositivo consultarías el estado de un aula? ,4.  Temperatura incómoda en el aula ,5.  Proyector dañado o sin señal ,6.   Conflicto de &quot;aula ocupada&quot; cuando no debería estarlo ,7.  Wi-Fi fallando durante clase ,8.  Interrupción de clase por mantenimiento ,9. Recibir notificación de un problema antes de llegar al aula ,10.  Ver en tiempo real qué aulas están libres ,11.  Que el aire acondicionado se ajuste automáticamente ,12.  Poder reportar una falla desde el celular ,13.  Consultar el historial de fallas de un aula ,14.  Recibir alerta si cambia el aula de último momento ,15.  Ver el estado de conectividad antes de una clase virtual ,16. Que el sistema prediga fallas antes de que ocurran ,16.  ¿Qué tan importante es que el sistema te explique por qué predijo una falla? ,18.   ¿Qué tipo de explicación preferirías? ,19.  ¿Qué tan cómodo(a) estarías con que el sistema use las cámaras existentes para saber si el aula está ocupada? ,20.  ¿Quién debería poder ver tus datos de uso del sistema? ,21.  ¿Qué tan importante es poder corregir o eliminar tus datos? ,"22. Si el sistema te avisa automáticamente ante una falla, ¿cómo te sentirías? ","23.  Si el sistema NO te avisa y debes enterarte por tu cuenta, ¿cómo te sentirías? ","24.  Si puedes ver la disponibilidad de aulas en tiempo real, ¿cómo te sentirías? ","25.  Si NO puedes verla y debes preguntar o ir a revisar, ¿cómo te sentirías? ","26.  Si el aire acondicionado se ajusta automáticamente según la ocupación, ¿cómo te sentirías? ","27.  Si el aire acondicionado NO se ajusta automáticamente según la ocupación, ¿cómo te sentirías? ",28.  ¿Usarías este sistema si estuviera disponible hoy? ,29.  ¿Qué problema con las aulas no cubrimos en este cuestionario? 
46230.94551362269,Si,3.º – 4.º semestre,4-7,Celular,A veces,A veces,Frecuentemente,Siempre,A veces,4.0,4.0,5.0,4.0,4.0,4.0,4.0,4.0,4.0,Un detalle técnico,3.0,Solo administradores,4.0,Me encantaría,No me gustaría,Me encantaría,No me gustaría,Me encantaría,No me gustaría,"Sí, seguro","Por el momento creo que esos serían los problemas que destacan más, así que no veo otro problema no cubierto en este cuestionario"
46231.03284741898,Si,1.º – 2.º semestre,3-6,Celular,A veces,Frecuentemente,Rara vez,Siempre,Nunca,2.0,2.0,1.0,2.0,2.0,3.0,3.0,2.0,2.0,Una frase simple,3.0,Docentes y administradores,2.0,Lo toleraría,Lo toleraría,Me encantaría,Lo toleraría,Lo toleraría,Lo toleraría,"Sí, seguro",
46231.03322751157,Si,1.º – 2.º semestre,2-5,Celular,A veces,A veces,Nunca,Frecuentemente,Rara vez,2.0,2.0,5.0,4.0,4.0,3.0,3.0,5.0,3.0,Un detalle técnico,4.0,Solo yo,4.0,Me encantaría,No me gustaría,Me encantaría,Lo toleraría,Me encantaría,No me gustaría,"Sí, seguro",Creo que ninguno
46231.60509606481,Si,3.º – 4.º semestre,4-7,Celular,A veces,Rara vez,Nunca,Frecuentemente,Rara vez,2.0,2.0,3.0,1.0,1.0,1.0,2.0,1.0,2.0,"Ninguna, solo la alerta",4.0,Solo yo,2.0,Lo doy por hecho,No me gustaría,Me es indiferente,Me es indiferente,Lo doy por hecho,Lo toleraría,Probablemente sí,"Bueno, en este caso mi aula es muy fria esta a una temperafura mas de lo normal y ya que en otras aulas esta mas cómodo y no hace mucho frio"
46231.60546024305,Si,1.º – 2.º semestre,4-7,Celular,A veces,A veces,A veces,Siempre,Nunca,2.0,2.0,4.0,2.0,3.0,4.0,4.0,4.0,4.0,Un detalle técnico,4.0,Solo administradores,5.0,Lo doy por hecho,No me gustaría,Lo doy por hecho,Lo toleraría,Lo doy por hecho,Lo doy por hecho,Probablemente sí,Las bancas en mal estado
46231.60590188658,Si,3.º – 4.º semestre,3-6,Tablet,Rara vez,Nunca,Rara vez,Frecuentemente,Siempre,2.0,3.0,1.0,4.0,1.0,3.0,2.0,2.0,4.0,Un ejemplo de un caso anterior,3.0,Cualquier persona de la facultad,4.0,Lo doy por hecho,Me es indiferente,Lo toleraría,Lo toleraría,Lo toleraría,No me gustaría,"Sí, seguro",
46231.60735277778,Si,3.º – 4.º semestre,2-5,Laptop,A veces,Nunca,Nunca,Frecuentemente,Nunca,1.0,2.0,5.0,5.0,5.0,5.0,5.0,5.0,5.0,Un ejemplo de un caso anterior,2.0,Solo administradores,2.0,Lo doy por hecho,Lo toleraría,Lo toleraría,64,,,,
46231.61892303241,Si,9.º – 10.º semestre,4-7,Celular,A veces,A veces,A veces,A veces,A veces,3.0,3.0,3.0,3.0,3.0,3.0,3.0,2.0,3.0,Un ejemplo de un caso anterior,3.0,Docentes y administradores,3.0,Me es indiferente,Me es indiferente,Me es indiferente,Me es indiferente,Me es indiferente,Me es indiferente,Probablemente sí,
46231.73131829861,Si,5.º – 6.º semestre,4-7,Celular,A veces,Rara vez,Rara vez,Siempre,A veces,1.0,1.0,3.0,3.0,3.0,3.0,3.0,3.0,3.0,Una frase simple,5.0,Solo yo,5.0,Me encantaría,No me gustaría,Lo toleraría,Lo toleraría,Lo toleraría,Lo toleraría,"Sí, seguro",
46231.73298361111,Si,3.º – 4.º semestre,1-4,Laptop,A veces,Rara vez,46,,A veces,3.0,3.0,3.0,2.0,5.0,1.0,4.0,3.0,3.0,Una frase simple,1.0,Solo administradores,5.0,Lo doy por hecho,Lo toleraría,Me es indiferente,Lo toleraría,Lo toleraría,Lo doy por hecho,No estoy seguro,
46231.73351372685,Si,9.º – 10.º semestre,3-6,Tablet,Frecuentemente,Frecuentemente,A veces,A veces,Frecuentemente,5.0,4.0,2.0,3.0,4.0,5.0,5.0,3.0,2.0,"Ninguna, solo la alerta",1.0,Solo yo,5.0,No me gustaría,Lo toleraría,Me es indiferente,No me gustaría,Lo toleraría,Lo toleraría,Probablemente sí,
46231.73465931713,Si,1.º – 2.º semestre,2-5,Celular,Rara vez,A veces,Nunca,A veces,Rara vez,2.0,2.0,3.0,3.0,1.0,4.0,4.0,4.0,2.0,Un detalle técnico,3.0,Nadie,4.0,Me encantaría,Lo doy por hecho,Me encantaría,Lo toleraría,Me es indiferente,Lo doy por hecho,No estoy seguro,
46231.73530991898,Si,5.º – 6.º semestre,4-7,Tablet,A veces,Rara vez,A veces,Rara vez,Frecuentemente,1.0,4.0,3.0,2.0,4.0,1.0,2.0,2.0,3.0,"Ninguna, solo la alerta",1.0,Docentes y administradores,3.0,Me encantaría,No me gustaría,Me encantaría,No me gustaría,Me es indiferente,No me gustaría,"Sí, seguro",
46231.73639931713,Si,9.º – 10.º semestre,4-7,Celular,Rara vez,Frecuentemente,A veces,A veces,Frecuentemente,2.0,4.0,2.0,5.0,3.0,2.0,5.0,4.0,2.0,Un ejemplo de un caso anterior,4.0,Solo yo,2.0,Lo doy por hecho,Me es indiferente,Lo toleraría,No me gustaría,Me es indiferente,Lo toleraría,Probablemente sí,
46231.73693721065,Si,9.º – 10.º semestre,1-4,Laptop,Nunca,Nunca,Nunca,Siempre,Nunca,1.0,2.0,3.0,4.0,3.0,3.0,1.0,4.0,1.0,Un detalle técnico,3.0,Docentes y administradores,4.0,Lo doy por hecho,No me gustaría,Me encantaría,No me gustaría,Lo doy por hecho,No me gustaría,Probablemente sí,
46231.737313460646,Si,7.º – 8.º semestre,1-4,Celular,A veces,Nunca,A veces,A veces,Nunca,3.0,3.0,3.0,1.0,2.0,3.0,3.0,1.0,2.0,Un detalle técnico,3.0,Solo yo,3.0,Lo doy por hecho,No me gustaría,Me encantaría,Lo toleraría,Lo doy por hecho,No me gustaría,Probablemente sí,"Comodidad, Ambiente agradable."
46231.7374829051,Si,1.º – 2.º semestre,4-7,Laptop,Rara vez,Frecuentemente,Frecuentemente,A veces,Nunca,4.0,5.0,4.0,5.0,2.0,2.0,5.0,2.0,1.0,Una frase simple,3.0,Docentes y administradores,4.0,Lo toleraría,No me gustaría,Me encantaría,No me gustaría,Me es indiferente,No me gustaría,Probablemente sí,
46231.74413125,Si,7.º – 8.º semestre,2-5,Celular,Rara vez,Rara vez,Nunca,A veces,Nunca,5.0,5.0,5.0,5.0,4.0,3.0,4.0,5.0,4.0,Un detalle técnico,1.0,Solo administradores,5.0,Me encantaría,Me encantaría,Me encantaría,Lo doy por hecho,Me encantaría,Lo toleraría,"Sí, seguro",Nada
46231.75946813657,Si,7.º – 8.º semestre,4-7,Celular,A veces,Rara vez,A veces,Frecuentemente,Rara vez,1.0,3.0,4.0,1.0,1.0,3.0,1.0,3.0,1.0,Un ejemplo de un caso anterior,5.0,Solo yo,5.0,Lo doy por hecho,Lo toleraría,Me encantaría,No me gustaría,Me encantaría,No me gustaría,Probablemente sí,Todos los problemas están cubiertos 
46231.760000208335,Si,7.º – 8.º semestre,3-6,Celular,A veces,A veces,A veces,Siempre,A veces,4.0,3.0,4.0,4.0,4.0,4.0,4.0,4.0,4.0,Un detalle técnico,2.0,Solo administradores,3.0,Me encantaría,No me gustaría,Me encantaría,No me gustaría,Lo doy por hecho,No me gustaría,Probablemente sí,
46231.86493413194,Si,45,,Celular,Rara vez,Nunca,Rara vez,Rara vez,Rara vez,1.0,1.0,1.0,1.0,1.0,1.0,1.0,1.0,2.0,Un detalle técnico,2.0,Solo yo,1.0,No me gustaría,No me gustaría,Me encantaría,No me gustaría,Lo toleraría,No me gustaría,"Sí, seguro",
46231.883971400464,Si,1.º – 2.º semestre,1-4,Celular,A veces,Rara vez,A veces,Nunca,Nunca,2.0,1.0,1.0,,,,,,,,,,,,,,,,,,
46232.328026874995,Si,3.º – 4.º semestre,2-5,Laptop,A veces,Frecuentemente,Frecuentemente,Frecuentemente,Frecuentemente,2.0,5.0,1.0,2.0,2.0,4.0,5.0,2.0,1.0,"Ninguna, solo la alerta",2.0,Solo yo,1.0,Lo doy por hecho,No me gustaría,Lo toleraría,Me encantaría,Lo doy por hecho,No me gustaría,Probablemente sí,Nada
46232.590556655094,Si,7.º – 8.º semestre,1-4,Tablet,Rara vez,Siempre,Rara vez,Siempre,Nunca,5.0,5.0,5.0,5.0,5.0,5.0,5.0,5.0,5.0,Una frase simple,5.0,Docentes y administradores,5.0,Me encantaría,No me gustaría,Me encantaría,Lo toleraría,Me encantaría,Lo toleraría,"Sí, seguro",Hasta el momento los mas usuales que he experimentado ya fueron cubiertos
46232.709932094906,Si,3.º – 4.º semestre,2-5,Celular,A veces,Nunca,Nunca,Siempre,A veces,4.0,,,5.0,3.0,5.0,4.0,4.0,4.0,Un detalle técnico,3.0,Solo yo,4.0,No me gustaría,Me encantaría,Me encantaría,Lo doy por hecho,56,,No estoy seguro,Todas estan
46232.71262331019,Si,3.º – 4.º semestre,3-6,Celular,Rara vez,Rara vez,Rara vez,A veces,Rara vez,1.0,2.0,3.0,3.0,2.0,4.0,2.0,2.0,2.0,Una frase simple,3.0,Docentes y administradores,3.0,Me encantaría,Lo toleraría,Me encantaría,Me es indiferente,No me gustaría,Lo toleraría,Probablemente sí,
46232.737482592594,Si,3.º – 4.º semestre,2-5,Celular,A veces,Rara vez,Rara vez,Frecuentemente,Rara vez,3.0,4.0,4.0,4.0,2.0,3.0,3.0,2.0,3.0,Un ejemplo de un caso anterior,3.0,Solo yo,5.0,Me es indiferente,Lo toleraría,Lo toleraría,No me gustaría,41,,"Sí, seguro",La conexión a internet es decir los puertos de conexión suelen estar dañados en algunas aulas 
46232.949562511574,Si,3.º – 4.º semestre,4-7,Celular,A veces,Rara vez,Rara vez,Siempre,Nunca,5.0,5.0,5.0,5.0,5.0,5.0,5.0,5.0,5.0,Una frase simple,4.0,Solo yo,5.0,Lo doy por hecho,No me gustaría,Me encantaría,Lo toleraría,Me encantaría,Me es indiferente,"Sí, seguro","Cuando está lloviendo, algunas aulas suelen inundarse"
46232.95559150463,Si,3.º – 4.º semestre,4-7,Celular,Rara vez,A veces,Nunca,Siempre,Nunca,5.0,5.0,5.0,5.0,5.0,5.0,5.0,5.0,5.0,Una frase simple,5.0,Solo yo,5.0,Me encantaría,No me gustaría,Me encantaría,No me gustaría,Me encantaría,No me gustaría,Probablemente sí,Falta de tachos de basura dentro de las aulas
46232.96298965278,Si,5.º – 6.º semestre,4-7,Celular,Rara vez,Rara vez,Rara vez,Siempre,Rara vez,1.0,1.0,1.0,1.0,1.0,1.0,1.0,1.0,5.0,Un detalle técnico,5.0,Solo yo,5.0,Me encantaría,No me gustaría,Me encantaría,No me gustaría,Me encantaría,Me es indiferente,"Sí, seguro",nda
46232.9796513426,Si,3.º – 4.º semestre,2-5,Celular,Frecuentemente,A veces,A veces,Siempre,Nunca,5.0,5.0,5.0,5.0,5.0,5.0,5.0,5.0,5.0,Un ejemplo de un caso anterior,1.0,Solo yo,2.0,Lo doy por hecho,No me gustaría,Me es indiferente,Me es indiferente,Me es indiferente,Me es indiferente,Probablemente sí,
46236.446946261574,Si,7.º – 8.º semestre,4-7,Tablet,Rara vez,Nunca,Nunca,Nunca,Nunca,1.0,1.0,1.0,1.0,1.0,1.0,1.0,1.0,1.0,"Ninguna, solo la alerta",1.0,Cualquier persona de la facultad,1.0,No me gustaría,No me gustaría,No me gustaría,No me gustaría,No me gustaría,No me gustaría,Probablemente no,
