ID_CP,Requisito,Precondicion,Accion,Resultado_esperado,Origen_del_criterio
CP-01,RF-01,"Sensor configurado y conectado a la red del aula","Inyectar una lectura simulada de temperatura y humedad","El dato es visible en el panel en <=10 s, con margen de error <=1 C y <=5 % de humedad","ERS 3.2 RF-01, criterio de verificacion"
CP-02,RF-02,"Usuario autenticado con rol autorizado y dispositivo en linea","Enviar un comando ON/OFF a un dispositivo del aula","El comando se ejecuta en <=5 s y queda registrado en bitacora","ERS 3.2 RF-02, criterio de verificacion"
CP-03,RF-03,"Sensor de presencia instalado y calibrado","Simular entradas y salidas de personas en el aula","El estado Ocupada/Vacia se actualiza con exactitud >=95 % y latencia <=15 s","ERS 3.2 RF-03, criterio de verificacion"
CP-04,RF-04,"Proyector conectado al modulo de control IoT","Cambiar el estado del proyector desde el modulo de control","El nuevo estado se refleja en el panel en <=10 s","ERS 3.2 RF-04, criterio de verificacion"
CP-05,RF-05,"Equipo de climatizacion conectado a controlador compatible","Enviar un ajuste remoto de temperatura objetivo","El ajuste se refleja en el equipo o controlador en <=15 s","ERS 3.2 RF-05, criterio de verificacion"
CP-06,RF-06,"Camara operativa, autorizada y accesible en la red institucional","Solicitar la vista complementaria de una camara desde el panel","El sistema visualiza el flujo de prueba con latencia <=3 s, sin reemplazar el sistema existente","ERS 3.2 RF-06, criterio de verificacion"
CP-07,RF-07,"Usuario autenticado con permisos de visualizacion y al menos un aula de prueba","Abrir el panel de control y esperar sin recargar la pagina","El panel actualiza los datos automaticamente cada <=30 s","ERS 3.2 RF-07, criterio de verificacion"
CP-08,RF-08,"Reglas de anomalia y destinatarios configurados","Simular una falla que exceda un umbral configurado","Se genera una alerta y se entrega al responsable en <=1 minuto, visible en la vista de alertas","ERS 3.2 RF-08, criterio de verificacion"
CP-09,RF-09,"Al menos 30 dias de datos historicos por equipo y conjunto de prueba con fallas conocidas","Ejecutar el analisis predictivo sobre el conjunto de prueba","El modelo identifica correctamente >=70 % de los casos de falla conocidos","ERS 3.2 RF-09, criterio de verificacion"
CP-10,RF-10,"Incidente generado por RF-08 o reportado via RF-12 y ya cerrado","Consultar el historial de fallas y mantenimientos","Todo incidente cerrado es consultable con los 5 campos minimos: fecha, hora, tipo, equipo y responsable","ERS 3.2 RF-10, criterio de verificacion"
CP-11,RF-11,"Horario academico cargado y clase programada en curso","Simular una falla critica durante el horario activo","La notificacion al personal tecnico se genera en <=30 s y queda marcada como pendiente","ERS 3.2 RF-11, criterio de verificacion"
CP-12,RF-12,"Usuario autenticado con rol docente, administrativo o tecnico","Crear un ticket de prueba, consultarlo y cambiar su estado","El ticket es trazable desde su creacion hasta su cierre y el cambio de estado es visible para los roles autorizados","ERS 3.2 RF-12, criterio de verificacion"
CP-13,RF-13,"Horario cargado y regla de apagado activa para el aula","Simular un aula desocupada fuera de horario","El apagado automatico se activa en <=2 minutos y el evento queda registrado para auditoria","ERS 3.2 RF-13, criterio de verificacion"
CP-14,RF-14,"Datos de consumo acumulados de al menos un mes para 2 aulas con patrones distintos","Ejecutar el analisis de patrones de consumo","El sistema genera recomendaciones diferenciadas y coherentes para cada aula","ERS 3.2 RF-14, criterio de verificacion"
CP-15,RF-15,"Horario academico cargado, vigente y asociado a las aulas","Programar una regla de encendido/apagado y esperar su hora de ejecucion","La regla se ejecuta con tolerancia menor o igual a un minuto respecto al horario definido","ERS 3.2 RF-15, criterio de verificacion"
CP-16,RF-16,"Sensor confirma aula desocupada y horario academico finalizado","Simular un aula vacia posterior al horario","Todos los equipos compatibles se apagan en <=2 minutos y el evento queda auditado","ERS 3.2 RF-16, criterio de verificacion"
CP-17,RF-17,"Datos historicos almacenados de ocupacion, sensores, consumo o fallas","Generar un reporte para un rango de fechas valido","El reporte se genera con datos consolidados de al menos 2 aulas","ERS 3.2 RF-17, criterio de verificacion"
CP-18,RF-18,"Usuario autenticado con permisos de reportes","Exportar un reporte de prueba en PDF y en Excel","Ambos archivos se descargan con encabezados, filtros y datos completos","ERS 3.2 RF-18, criterio de verificacion"
CP-19,RF-19,"Usuario registrado con rol Docente","Intentar acceder a funciones administrativas y tecnicas reservadas a otros roles","El sistema deniega el acceso y habilita unicamente las funciones del rol Docente","ERS 3.2 RF-19, criterio de verificacion"
CP-20,RF-20,"Sensor de ocupacion instalado, configurado y conectado","Simular varios cambios de ocupacion del aula","Cada cambio queda registrado con fecha, hora, estado y duracion en el historial","ERS 3.2 RF-20, criterio de verificacion"
CP-21,RF-21,"Horario academico cargado y equipo reportando su estado operativo","Dejar un equipo encendido fuera de horario durante el tiempo configurado","La notificacion se genera en <=60 s y queda registrada en bitacora","ERS 3.2 RF-21, criterio de verificacion"
CP-22,RF-22,"Dispositivo IoT registrado y asociado a un aula","Simular la desconexion del sensor","El panel muestra el estado sin conexion y se genera alerta al responsable en <=60 s","ERS 3.2 RF-22, criterio de verificacion"
CP-23,RF-23,"Usuario autenticado ejecutando acciones en la plataforma","Ejecutar una accion de control, un cambio de estado de ticket y una exportacion de reporte","Las tres acciones quedan registradas con usuario, fecha, hora, modulo y resultado","ERS 3.2 RF-23, criterio de verificacion"
CP-24,RF-24,"Usuario autenticado con perfil y bitacora asociados","Registrar una solicitud de exportacion de datos personales","Se genera un archivo descargable con los campos de perfil y bitacora, dentro de <=15 dias habiles","ERS 3.2 RF-24, criterio de verificacion; LOPDP Art. 13"
CP-25,RF-25,"Usuario autenticado y dato de perfil identificado como propio","Registrar una solicitud de correccion sobre un campo de perfil","El cambio se refleja en el sistema y queda auditado en bitacora, dentro de <=15 dias habiles","ERS 3.2 RF-25, criterio de verificacion; LOPDP Art. 14"
CP-IA-01,RF-IA-01,"Modelo IA-01 entrenado y conjunto de prueba con holdout temporal","Ejecutar la inferencia sobre el conjunto de prueba","Se emite un puntaje de riesgo 0-1 por equipo y el F1 del modelo es >=0,70","Ficha IA-01, RNF-IA-01"
CP-IA-02,RF-IA-02,"Modelo IA-01 en produccion y equipo con puntaje por encima del umbral","Ejecutar el ciclo de evaluacion de riesgo","Se genera una alerta predictiva de prioridad Media asociada al equipo, sin crear ticket automaticamente","Ficha IA-01, bloques (a) y (d)"
CP-IA-03,RF-IA-03,"Prediccion de alto riesgo ya generada","Consultar la explicacion de la prediccion","Se presentan las variables que mas influyeron, en <=2 s y con <=60 palabras","Ficha IA-01; ERS RNF-10"
CP-IA-04,RF-IA-04,"Historial de al menos 60 dias de lecturas para el aula","Ejecutar el calculo de la linea base de consumo","Se obtiene un patron de referencia por aula y franja horaria, indicando si proviene de sensor real o de proxy","Ficha IA-02, bloques (a) y (b)"
CP-IA-05,RF-IA-05,"Linea base calculada y muestra de 4 semanas revisada manualmente","Ejecutar la deteccion de anomalias por lote","Se listan las anomalias con aula, franja y magnitud, con tasa de falsos positivos <=15 % y en <=10 minutos","Ficha IA-02, RNF-IA-06 y RNF-IA-07"
CP-IA-06,RF-IA-06,"Anomalias de consumo detectadas para el periodo","Generar el reporte administrativo del periodo","El reporte incorpora las anomalias agregadas por aula y franja, sin atribuir responsabilidad individual, indicando la variable que mas contribuyo","Ficha IA-02, RNF-IA-10 y RNF-IA-11"
CP-S01,RNF-17,"Ciclo de evaluacion de apagado automatico en curso","Inyectar lecturas de presencia inconsistentes o ausentes en al menos 20 casos (sensor caido, lectura oscilante, lectura unica sin confirmacion)","El sistema no ejecuta el apagado y genera alerta de verificacion fallida en el 100 % de los casos","Ficha RNF-17 (Safety), criterio de verificacion"
CP-N02,NFR-02,"Sistema desplegado y monitor de disponibilidad activo","Monitorear el uptime durante 30 dias continuos","La disponibilidad mensual es >=99 %, es decir, un tiempo fuera de servicio <=7,3 h en el mes","ERS 3.3 Tabla 39, NFR-02"
CP-N04,NFR-04,"Al menos 3 usuarios reales sin capacitacion previa en la plataforma","Pedir a cada uno que consulte el estado de un aula y medir el tiempo de tarea","Cada usuario completa la tarea en <=2 minutos","ERS 3.3 Tabla 39, NFR-04"
CP-N05,NFR-05,"Plataforma desplegada y accesible","Abrir la interfaz en Chrome, Firefox y Edge, en resoluciones de 360 px y 1920 px","La interfaz opera sin instalacion adicional y sin perdida de funciones en los 3 navegadores y las 2 resoluciones","ERS 3.3 Tabla 39, NFR-05"
CP-N06,NFR-06,"Suite de pruebas unitarias ejecutable sobre los modulos de alertas y control remoto","Ejecutar la herramienta de cobertura del proyecto","La cobertura de pruebas unitarias de los modulos criticos es >=70 %","ERS 3.3 Tabla 39, NFR-06"
CP-N08,NFR-08,"Conjunto de datos de horario academico de prueba disponible","Ejecutar la sincronizacion con el Sistema de Horario Academico y verificar por checksum","El 100 % de las sincronizaciones se completa sin perdida de datos, confirmado por checksum de los registros importados","ERS 3.3 Tabla 39, NFR-08"
CP-N09,NFR-09,"Plataforma desplegada y un tipo de sensor IoT ficticio adicional definido","Integrar el sensor nuevo midiendo el esfuerzo real invertido","La integracion se completa en <=8 horas-persona sin modificar el nucleo de la plataforma","ERS 3.3 Tabla 39, NFR-09"
CP-N12,NFR-12,"Sistema con control de acceso activo y administrador registrado","Simular un intento de acceso no autorizado y medir el tiempo hasta la alerta","El administrador recibe la alerta automatica en <=5 minutos desde el evento","ERS 3.3 Tabla 39, NFR-12"
CP-N13,NFR-13,"Aula con gateway IoT operativo y conectividad normalmente disponible","Cortar la conexion del gateway y restablecerla de forma controlada","El sistema reanuda la recepcion de datos en <=5 minutos tras el restablecimiento, sin perder lecturas posteriores al reinicio","ERS 3.3 Tabla 39, NFR-13"
CP-N14,NFR-14,"MVP en periodo de prueba con personal de TI operando","Registrar el tiempo entre la alerta y la identificacion de la causa en cada falla reportada","El tiempo medio de diagnostico no supera los 15 minutos","ERS 3.3 Tabla 39, NFR-14"
CP-N15,NFR-15,"Plataforma accesible y herramienta de throttling de red disponible","Acceder a la plataforma limitando el ancho de banda a 1 Mbps","La interfaz web es completamente operativa, sin perdida de funciones criticas","ERS 3.3 Tabla 39, NFR-15"
